Tree_Sp_Name,Eq_0,Eq_1,Eq_2,Eq_3,Eq_4,Eq_5,Eq_6,Eq_7,Eq_8,Eq_9,Eq_10,Eq_11,Eq_12,Eq_13,Eq_14,Eq_15,Eq_16,Eq_17,Eq_18,Eq_19,Eq_20,Eq_21,Eq_22,Eq_23,Eq_24,Eq_25,Eq_26,Eq_27,Eq_28,Eq_29,Eq_30,Eq_31,Eq_32,Eq_33,Eq_34,Eq_35,Eq_36,Eq_37,Eq_38,Eq_39,Eq_40,Eq_41,Eq_42,Eq_43,Eq_44,Eq_45,Eq_46,Eq_47,Eq_48,Eq_49
Species
Discoglossus_jeanneae,Discoglossus_galganoi_jeanneae
Discoglossus_nigriventer
Allobates_alessandroi,Colostethus_alessandroi
Allobates_cepedai,Colostethus_cepedai
Allobates_picachos,Colostethus_picachos,Colostethus_picacho
Allobates_rufulus,Dendrobates_rufulus,Epipedobates_rufulus
Allobates_spumaponens,Colostethus_sumtuosus
Anomaloglossus_atopoglossus,Colostethus_atopoglossus
Anomaloglossus_confusus
Anomaloglossus_lacrimosus,Colostethus_lacrimosus
Leptopelis_barbouri,Leptopelis_johnstoni,Megalixalus_flavomaculatus,Hyperolius_flavomaculatus,Rappia_flavomaculata,Hylambates_johnstoni
Bombina_pachypus,Bombinator_pachypus
Brachycephalus_atelopoide,Brachycephalus_ephippium_atelopoide
Brachycephalus_Izecksohni
Ischnocnema_bilineata
Ischnocnema_Izecksohni
Ischnocnema_paulodutrai,Eleutherodactylus_paulodutrai
Ischnocnema_ramagii,Eleutherodactylus_ramagii,Hylodes_ramagii
Ischnocnema_vinhai,Eleutherodactylus_vinhai
Bufo_pentoni,Bufo_pentoni_pentoni,Amietophrynus_pentoni
Bufo_tihamicus,Amietophrynus_tihamicus,Bufo_pentoni_tihamicus
Adenomus_dasi,Bufo_dasi,Bufo_kandianus
Amietophrynus_asmarae,Bufo_asmarae
Amietophrynus_blanfordii,Bufo_blanfordii,Bufo_somalicus,Bufo_sibiliai,Bufo_viridis_somalacus
Amietophrynus_brauni,Bufo_brauni
Amietophrynus_buchneri,Bufo_buchneri,Bufo_decorsei
Amietophrynus_camerunensis,Bufo_camerunensis,Bufo_cameronensis_cameronensis,Bufo_camerunensis_poensis,Bufo_camerunensis_camerunensis
Amietophrynus_chudeaui,Bufo_chudeaui
Amietophrynus_cristiglans,Bufo_togoensis,Sclerophrys_cristiglans,Amietophrynus_togoensis,Bufo_christiglans,Bufo_cristiglans
Amietophrynus_danielae,Bufo_danielae
Amietophrynus_djohongensis,Bufo_funereus_djohongensis,Bufo_djohongensis
Amietophrynus_fuliginatus,Bufo_funereus_upembae,Bufo_fuliginatus,Bufo_funereus_fuliginatus
Amietophrynus_funereus,Bufo_benguellensis,Bufo_funereus,Bufo_funereus_funereus,Bufo_funereus_berghei,Bufo_berghei
Amietophrynus_garmani,Bufo_garmani,Bufo_pseudogarmani,Bufo_regularis_humbensis,Bufo_bisidanae,Bufo_garmani_pseudogarmani,Bufo_garmani_garmani
Amietophrynus_gracilipes,Bufo_funereus_gracilipes,Bufo_gracilipes,Bufo_petiti
Amietophrynus_gutturalis,Bufo_gutturalis,Bufo_regularis_gutturalis,Bufo_regularis_ngamiensis,Bufo_ngamiensis
Amietophrynus_kassasii,Bufo_kassasii
Amietophrynus_kerinyagae,Bufo_kerinyagae_kerinyagae,Bufo_kerinyagae_ethiopicae,Bufo_kerinyagae
Amietophrynus_kisoloensis,Bufo_kisoloensis,Bufo_regularis_marakwetensis,Bufo_regularis_kisoloensis
Amietophrynus_langanoensis,Bufo_langanoensis
Amietophrynus_latifrons,Bufo_latifrons,Bufo_latifrons_mayombensis,Bufo_latifrons_latifrons
Amietophrynus_lemairii,Bufo_lemairii
Amietophrynus_maculatus,Bufo_maculatus,Bufo_regularis_maculatus
Amietophrynus_mauritanicus,Bufo_mauritanicus
Amietophrynus_pantherinus,Bufo_pantherinus,Bufo_cruciger
Amietophrynus_pardalis,Bufo_pardalis,Bufo_regularis_pardalis
Amietophrynus_perreti,Bufo_perreti
Amietophrynus_poweri,Bufo_regularis_poweri,Bufo_poweri
Amietophrynus_rangeri,Bufo_rangeri,Bufo_regularis_rangeri
Amietophrynus_reesi,Bufo_reesi
Amietophrynus_regularis,Bufo_regularis,Rana_mosaica,Bufo_buccinator,Bufo_sauvagei,Bufo_guineensis,Bufo_regularis_regularis,Bufo_neglectus,Bufo_nubicus,Bufo_amoenus
Amietophrynus_steindachneri,Bufo_incertus,Bufo_steindachneri
Amietophrynus_superciliaris,Amietophrynus_superciliaris_chevalieri,Bufo_superciliaris,Bufo_laevissimus,Bufo_chevalieri
Amietophrynus_taiensis,Bufo_taiensis,Bufo_amieti
Amietophrynus_togoensis,Bufo_togoensis,Sclerophrys_cristiglans,Amietophrynus_cristiglans,Bufo_christiglans,Bufo_cristiglans
Amietophrynus_tuberosus,Bufo_polycercus,Bufo_polycerus,Bufo_tuberosus
Amietophrynus_turkanae,Bufo_turkanae
Amietophrynus_urunguensis,Bufo_urunguensis
Amietophrynus_villiersi,Bufo_villiersi
Amietophrynus_vittatus,Bufo_vittatus
Amietophrynus_xeros,Bufo_xeros,Bufo_wazae
Andinophryne_atelopoides,Bufo_atelopoides
Andinophryne_colomai
Andinophryne_olallai
Bufo_tibetanus,Bufo_bufo_wrighti,Bufo_andrewsi,Bufo_gargarizans_minshanicus,Bufo_wolongensis,Bufo_bufo_miyakonis,Bufo_japonicus_gargarizans,Bufo_sinicus,Bufo_griseus,Bufo_gargarizans_popei,Bufo_japonicus_miyakonis,Bufo_vulgaris_chinensis,Bufo_bufo_gargarizans,Bufo_bufo_sachalinensis,Bufo_minshanicus,Bufo_asiaticus_gargarizans,Bufo_bufo_minshanicus,Bufo_asiaticus,Bufo_gargarizans_miyakonis,Bufo_bufo_andrewsi,Bufo_sachalinensis,Bufo_vulgaris_asiatica,Bufo_bufo_asiaticus,Bufo_gargarizans_andrewsi,Bufo_kabischi,Bufo_wrighti,Bufo_vulgaris_sachalinensis
Crepidophryne_chompipe
Crepidophryne_epiotica,Crepidius_epioticus,Nannophryne_epiotica,Bufo_epioticus
Crepidophryne_guanacaste
Dendrophryniscus_bokermanni,Amazonella_bokermanni
Dendrophryniscus_minutus,Atelopus_minutus,Amazonella_minutus
Duttaphrynus_arabicus,Bufo_arabicus,Bufo_orientalis,Amietophrynus_arabicus,Bufo_viridis_orientalis,Bufo_pantherinus,Bufo_viridis_arabicus,Duttaphrynus_arabica
Duttaphrynus_atukoralei,Bufo_atukoralei
Duttaphrynus_cyphosus,Bufo_himalayanus,Bufo_cyphosus,Bufo_melanostictus_himalayanus,Bufo_abatus
Duttaphrynus_dodsoni,Amietophrynus_dodsoni,Bufo_dodsoni,Bufo_brevipalmata
Duttaphrynus_pariet_alis
Incilius_intermedius,Bufo_monksiae,Ollotis_intermedia,Rhinella_intermedia,Phrynoidis_intermedius,Ollotis_occidentalis,Bufo_intermedius,Cranopsis_intermedia,Bufo_occidentalis,Cranopsis_occidentalis
Melanophryniscus_orejasmirandai,Atelopus_pachyrhynus
Pedostibes_everetti,Pedostibes_rugosus,Rentapia_rugosus,Nectophryne_everetti
Pedostibes_hosii,Nectophryne_hosii,Pedostibes_hosei
Pedostibes_kempi,Nectophryne_kempi
Pedostibes_rugosus,Pedostibes_everetti,Rentapia_rugosus,Nectophryne_everetti
Peltophryne_fracta,Bufo_guentheri_fractus,Peltaphryne_guentheri_fracta,Bufo_fractus,Bufo_guntheri,Bufo_guentheri,Bufo_guentheri_guentheri,Peltaphryne_guentheri_guentheri
Phrynoidis_aspera,Bufo_obscurus,Phrynoides_asper,Pseudobufo_obscurus,Cyclogaster_borneensis,Bufo_verrucigerus,Bufo_asper,Nectes_obscurus
Phrynoidis_juxtaspera,Bufo_juxtasper
Pseudepidalea_balearica,Bufo_variabilis_balaerica,Bufo_viridis_balearicus,Bufo_variabilis_balearica,Bufo_balearicus
Pseudepidalea_boulengeri,Bufo_hemprichi,Bufo_boulengeri
Pseudepidalea_brongersmai,Bufo_brongersmai
Pseudepidalea_latastii,Bufo_siachinensis,Bufo_latastii_latastii,Bufo_latastii
Pseudepidalea_luristanica,Bufo_luristanica,Bufo_surdus_luristanicus
Pseudepidalea_oblonga,Bufo_oblongus_danatensis,Bufo_danatensis_danatensis,Bufo_oblonga,Bufo_viridis_oblongus,Bufo_viridis_asiomontanus,Bufo_danatensis,Bufotes_oblongus_danatensis,Bufo_oblongus_oblongus,Bufo_latastii_oblongus,Bufotes_oblongus_oblongus
Pseudepidalea_pewzowi,Pseudepidalea_taxkorensis,Bufo_tianschanicus,Bufo_viridis_strauchi,Bufo_danatensis_taxkorensis,Bufo_pewzowi_strauchi,Bufo_danatensis_pewzowi,Bufo_viridis_nouettei,Bufo_viridis_unicolor,Bufo_pewzowi_taxkorensis,Bufo_pewzowi,Bufo_viridis_pewzowi,Bufo_nouettei,Bufo_viridis_grumgrzimailoi,Bufo_taxkorensis
Pseudepidalea_pseudoraddei,Bufo_pseudoraddei,Bufo_viridis_pseudoraddei,Bufo_latastii_pseudoraddei,Bufo_danatensis_pseudoraddei,Bufo_pseudoraddei_pseudoraddei,Bufotes_pseudoraddei_pseudoraddei
Pseudepidalea_raddei,Strauchophryne_raddei,Bufo_variabilis_amurensis,Bufo_koslovi,Bufo_viridis_asiaticus,Bufo_brevipes,Bufo_raddei,Bufo_raddei_pleskei,Bufo_raddei_przewalskii
Pseudepidalea_sicula,Bufo_siculus,Bufotes_boulengeri_siculus
Pseudepidalea_surda,Bufo_surdus,Bufo_viridis_persica,Bufo_persicus,Bufo_surdus_annulatus,Bufotes_surdus_annulatus,Bufotes_surdus_surdus,Bufo_surdus_surdus
Pseudepidalea_turanensis,Bufo_turanensis,Bufo_viridis_turanensis
Pseudepidalea_variabilis,Bufo_bufonina,Bufo_viridis_kermanensis,Bufo_viridis_kavirensis,Bufo_kavirensis,Bufo_bufina,Bufotes_variabilis_variabilis,Epidalea_variabilis,Bufotes_kavirensis,Rana_bufina,Bufo_variabilis,Bufotes_variabilis_kermanensis,Bufo_variabilis_kermanensis,Rana_variabilis,Phrynoidis_variabilis
Pseudepidalea_viridis,Bufo_viridis_crucigera,Bufo_viridis_viridis,Epidalea_viridis,Bufo_roseus,Bufo_schreberianus,Bufo_variabilis_crucigera,Rana_sitibunda,Bufo_sitibundus,Bufo_variabilis_sitibunda,Bufo_viridis,Rana_picta
Pseudepidalea_zamdaensis,Bufo_zamdaensis
Pseudepidalea_zugmayeri,Bufo_viridis_zugmayeri,Bufo_zugmayeri,Bufo_latastii_zugmayeri
Rhinella_abei,Chaunus_abei,Bufo_abei
Rhinella_boulengeri,Phryniscus_proboscideus,Rhamphophryne_proboscidea,Dendrophryniscus_boulengeri,Atelopus_proboscideus,Rhinella_proboscidea
Rhinella_ceratophrys,Rhaebo_ceratophrys,Bufo_ceratophrys
Rhinella_fernandezae,Bufo_granulosus_fernandezae,Bufo_fernandezae,Chaunus_fernandezae
Rhinella_jimi,Bufo_jimi,Chaunus_jimi
Rhinella_martyi
Rhinella_paraguayensis
Rhinella_pombali,Bufo_melanotis,Bufo_stellatus,Bufo_cinctus,Bufo_crucifer_melanotis,Chaunus_crucifer,Otolophus_cinctus,Bufo_semilineatus,Bufo_crucifer,Bufo_crucifer_stellata,Bufo_pombali
Rhinella_schneideri,Chaunus_schneideri,Bufo_marinus_paracnemis,Chaunus_diptychus,Bufo_pisanoi,Bufo_paracnemis,Bufo_schneideri,Bufo_diptychus
Rhinella_Truebae
Xanthophryne_koynayensis,Bufo_sulphureus,Bufo_koynayensis
Xanthophryne_tigerina
Centrolene_altitudinale,Centrolene_altitudinalis,Centrolenella_altitudinalis
Centrolene_audax,Centrolenella_audax,Centrolene_fernandoi,Espadarana_fernandoi
Centrolene_bacatum
Centrolene_daidaleum,Cochranella_daidalea
Centrolene_durrellorum
Centrolene_fernandoi,Centrolenella_audax,Centrolene_audax,Espadarana_fernandoi
Centrolene_geckoideum
Centrolene_gemmatum,Centrolenella_gemmata
Centrolene_guanacarum
Centrolene_hesperium,Centrolenella_hesperia
Centrolene_huilense
Centrolene_litorale,Centrolene_litoralis
Centrolene_notostictum
Centrolene_peristictum,Centrolenella_peristicta
Centrolene_pipilatum,Centrolenella_pipilata
Centrolene_scirtetes,Centrolenella_scirtetes
Cochranella_adenocheira
Cochranella_balionota,Centrolenella_balionota,Centrolene_balionotum
Cochranella_croceopodes,Rulyrana_tangarana,Cochranella_saxiscandens,Cochranella_tangarana
Cochranella_megista,Centrolenella_megistra,Nymphargus_megista,Cochranella_megistra,Centrolenella_megista
Cochranella_orejuela,Rulyrana_orejuela,Teratohyla_sornozai,Centrolenella_orejuela
Cochranella_ritae,Centrolene_ritae,Centrolenella_oyampiensis,Centrolenella_ametarsia,Cochranella_oyampiensis,Vitreorana_oyampiensis,Cochranella_ametarsia,Centrolenella_ritae
Nymphargus_puyoensis,Centrolene_mariae,Cochranella_puyoensis,Centrolene_puyoense,Centrolenella_mariae,Cochranella_mariae,Centrolenella_puyoensis
Nymphargus_Truebae
Rulyrana_erminea
Rulyrana_tangarana,Cochranella_croceopodes,Cochranella_saxiscandens,Cochranella_tangarana
Vitreorana_oyampiensis,Centrolene_ritae,Cochranella_ritae,Centrolenella_oyampiensis,Centrolenella_ametarsia,Cochranella_oyampiensis,Cochranella_ametarsia,Centrolenella_ritae
Hyalinobatrachium_crurifasciatum,Hyla_cappellei,Hylella_cappellei,Hyalinobatrachium_eccentricum,Hyalinobatrachium_ignioculus,Centrolenella_cappellei
Hyalinobatrachium_eccentricum,Hyla_cappellei,Hylella_cappellei,Hyalinobatrachium_ignioculus,Centrolenella_cappellei,Hyalinobatrachium_crurifasciatum
Hyalinobatrachium_ignioculus,Hyla_cappellei,Hylella_cappellei,Hyalinobatrachium_eccentricum,Centrolenella_cappellei,Hyalinobatrachium_crurifasciatum
Hyalinobatrachium_ruedai
Ingerana_baluensis,Cornufer_baluensis,Micrixalus_baluensis
Batrachylodes_elegans
Batrachylodes_gigas
Batrachylodes_mediodiscus
Batrachylodes_minutus
Batrachylodes_montanus
Batrachylodes_trossulus
Batrachylodes_vertebralis,Chaperina_friedericii
Batrachylodes_wolfi,Sphenophryne_wolfi
Ceratobatrachus_guentheri
Discodeles_bufoniformis,Rana_bufoniformis_bufoniformis,Rana_bufoniformis
Discodeles_guppyi,Rana_guppyi
Discodeles_malukuna,Discodeles_malekuna,Rana_malukuna
Discodeles_opisthodon,Rana_opisthodon
Discodeles_vogti,Rana_vogti,Discodeles_ventricosus,Rana_ventricosus
Palmatorappia_solomonis,Hypsirana_heffernani,Hylella_solomonis
Platymantis_acrochordus,Platymantis_acrochorda
Platymantis_aculeodactylus,Platymantis_aculeodactyla
Platymantis_adiastolus,Platymantis_adiastola
Platymantis_admiraltiensis
Platymantis_akarithymus
Platymantis_batantae
Platymantis_bimaculatus
Platymantis_boulengeri,Platymantis_rhipiphalcus
Platymantis_browni
Platymantis_bufonulus
Platymantis_caesiops
Platymantis_cheesmanae,Cornufer_cheesmani
Platymantis_cryptotis,Platymantis_cryptotis_cryptotis,Platymantis_cryptotis_yapeni
Platymantis_desticans
Platymantis_gilliardi
Platymantis_guppyi
Platymantis_latro
Platymantis_macrops
Platymantis_macrosceles
Platymantis_magnus
Platymantis_mamusiorum
Platymantis_manus
Platymantis_mimicus
Platymantis_myersi
Platymantis_nakanaiorum
Platymantis_neckeri
Platymantis_nexipus
Platymantis_papuensis,Cornufer_rugata_rubristriatus,Platymantis_rubristriatus,Platymantis_papuensis_papuensis,Rana_moszkowskii,Cornufer_corrugatus_rubristriatus,Cornufer_rubristriatus,Cornufer_papuensis_papuensis,Cornufer_moszkowskii,Platymantis_papuensis_occidentalis,Platymantis_corrugata_papuensis
Platymantis_parilis
Platymantis_parkeri,Cornufer_parkeri_bukanensis,Cornufer_parkeri_parkeri,Platymantis_parkeri_bukanensis,Platymantis_parkeri_parkeri,Platymantis_parkeri_bukaensis
Platymantis_pelewensis,Platymantis_plicifera_pelewensis,Platymantis_corrugata_pelewensis
Platymantis_punctatus,Rana_beauforti,Platymantis_punctata,Cornufer_beauforti,Platymantis_beauforti
Platymantis_schmidti,Platymantis_papuensis_schmidti
Platymantis_solomonis,Rana_solomonis
Platymantis_sulcatus
Platymantis_vitianus,Platymantis_unilineata,Halophila_heros,Cornufer_unilineatus,Rana_vitianus,Hylodes_heros,Hylodes_vitianus,Cornufer_heros
Platymantis_vitiensis,Halophilus_vitiensis,Halophila_vitiensis,Hylodes_chryseus,Cornufer_intermedius,Halophila_chryseus
Platymantis_weberi,Cornufer_papuensis_weberi,Platymantis_papuensis_weberi
Platymantis_wuenscheorum
Atelognathus_grandisonae,Telmatobius_grandisonae
Atelognathus_jeinimenensis,Atelognathus_ceii,Telmatobius_nitoi,Atelognathus_salai
Ceuthomantis_Duellmani
Craugastor_jota,Hylodes_habenatus,Hylodes_podiciferus,Lithodytes_muricinus_habenatus,Hylodes_muricinus,Lithodytes_muricinus_muricinus,Lithodytes_muricinus,Eleutherodactylus_podiciferus,Eleutherodactylus_jota,Lithodytes_habenatus,Lithodytes_podiciferus
Alsodes_Barrioi
Alsodes_laevis
Eupsophus_queulensis
Odontophrynus_Barrioi
Odontophrynus_salvatori,Proceratophrys_salvatori
Proceratophrys_phyllostoma
Crossodactylodes_Izecksohni
Cycloramphus_Izecksohni
Zachaenus_carvalhoi
Zachaenus_parvulus,Cystignathus_parvulus,Ceratophrys_fusciventris,Oocormus_microps,Leptodactylus_parvulus
Colostethus_ramirezi
Ameerega_andina,Dendrobates_andinus,Epipedobates_andinus
Ameerega_erythromos,Hyloxalus_erythromos,Dendrobates_erythromos,Phyllobates_erythromos,Epipedobates_erythromos
Ameerega_labialis,Hylaplesia_labialis,Dendrobates_labialis,Epipedobates_labialis
Ameerega_maculata,Dendrobates_trivittatus_maculata,Dendrobates_maculatus
Ameerega_peruviridis
Ameerega_smaragdina,Epipedobates_petersi,Phyllobates_smaragdina,Dendrobates_smaragdinus,Phyllobates_petersi,?_smaragdinus,Dendrobates_petersi,Epipedobates_smaragdinus
Ameerega_yungicola,Epipedobates_yungicola
Colostethus_alacris,Leucostethus_alacris
Colostethus_argyrogaster,Hyloxalus_argyrogaster
Colostethus_brachistriatus
Colostethus_craspedoceps,Allobates_craspedoceps,Holoxalus_craspedoceps
Colostethus_dysprosium,Leucostethus_dysprosium
Colostethus_fraterdanieli
Colostethus_fugax
Colostethus_yaguara,Leucostethus_yaguara
Ranitomeya_abdita,Minyobates_abditus,Dendrobates_abditus
Ranitomeya_altobueyensis,Dendrobates_altobueyensis,Minyobates_altobueyensis
Ranitomeya_biolat,Dendrobates_sirensis,Dendrobates_biolat,Ranitomeya_lamasi,Dendrobates_lamasi
Ranitomeya_bombetes,Minyobates_bombetes,Dendrobates_bombetes
Ranitomeya_claudiae,Dendrobates_claudiae,Dendrobates_mimulus
Ranitomeya_daleswansoni,Dendrobates_daleswansoni
Ranitomeya_dorisswansonae,Dendrobates_dorisswansoni,Ranitomeya_dorisswansoni
Ranitomeya_Duellmani
Ranitomeya_fulgurita,Minyobates_fulguritus,Dendrobates_fulguritus
Ranitomeya_ignea,Dendrobates_igneus,Dendrobates_tinctorius_igneus,Dendrobates_reticulatus
Ranitomeya_intermedia,Dendrobates_imitator_yurimaguensis,Dendrobates_imitator,Dendrobates_imitator_intermedius
Ranitomeya_lamasi,Dendrobates_sirensis,Dendrobates_biolat,Ranitomeya_biolat,Dendrobates_lamasi
Ranitomeya_minuta,Dendrobates_minutus,Dendrobates_shrevei,Dendrobates_minutus_minutus,Minyobates_minutus
Ranitomeya_opisthomelas,Dendrobates_opisthomelas,Minyobates_opisthomelas
Ranitomeya_rubrocephala
Ranitomeya_Summersi
Ranitomeya_tolimensis,Ranitomeya_tolimense
Ranitomeya_viridis,Minyobates_viridis,Dendrobates_viridis
Ranitomeya_virolinensis,Minyobates_virolinensis,Dendrobates_virolinensis,Ranitomeya_virolensis
Hyloxalus_peruvianus,Phyllobates_peruvianus,Colostethus_peruvianus
Hyloxalus_whymperi,Colostethus_whimperi,Protherapis_whymperi,Phyllobates_whymperi
Euphlyctis_mudigere
Fejervarya_andamanensis,Rana_gracilis_andamanensis,Rana_limnocharis_andamanensis,Rana_andamanensis,Limnonectes_andamanensis,Fejervarya_andamensis,Euphlyctis_limnocharis_andamanensis
Fejervarya_brevipalmata,Euphlyctis_limnocharis_brevipalmata,Limnonectes_brevipalmatus,Zakerana_brevipalmata,Rana_limnocharis_parvipalmata,Dicroglossus_brevipalmatus,Rana_brevipalmata
Fejervarya_caperata,Zakerana_caperata
Fejervarya_granosa,Zakerana_granosa
Fejervarya_greenii,Euphlyctis_greenii,Limnonectes_greenii,Rana_limnocharis_greenii,Zakerana_greenii,Rana_greenii
Fejervarya_keralensis,Rana_keralensis,Limnonectes_keralensis,Rana_verrucosa,Euphlyctis_keralensis,Zakerana_keralensis,Minervarya_keralensi,Dicroglossus_verrucosus
Fejervarya_kirtisinghei,Limnonectes_kirtisinghei,Zakerana_kirtisinghei
Fejervarya_kudremukhensis,Zakerana_kudremukhensis
Fejervarya_mudduraja,Zakerana_mudduraja
Fejervarya_murthii,Rana_murthii,Zakerana_murthii,Limnonectes_murthii
Fejervarya_mysorensis,Zakerana_mysorensis,Rana_limnocharis_mysorensis,Limnonectes_mysorensis,Euphlyctis_limnocharis_mysorensis
Fejervarya_nepalensis,Zakerana_nepalensis,Rana_nepalensis,Euphlyctis_nepalensis,Limnonectes_nepalensis
Fejervarya_nicobariensis,Limnonectes_nicobariensis,Rana_gracilis_nicobariensis,Lymnodytes_nicobariensis
Fejervarya_nilagirica,Limnonectes_nilagirica,Rana_nilagirica,Rana_limnocharis_nilagirica,Zakerana_nilagirica,Euphlyctis_limnocharis_nilagirica
Fejervarya_parambikulamana,Tomopterna_parambikulamana,Rana_parambikulamana,Sphaerotheca_parambikulamana,Zakerana_parambikulamana,Limnonectes_paramkibulamana
Fejervarya_pierrei,Euphlyctis_pierrei,Zakerana_pierrei,Limnonectes_pierrei,Rana_pierrei
Fejervarya_rufescens,Sphaerotheca_rufescens,Pyxicephalus_rufescens,Zakerana_rufescens,Limnonectes_rufescens,Rana_rufescens,Tomopterna_rufescens
Fejervarya_sauriceps,Rana_sauriceps,Limnonectes_sauriceps,Zakerana_sauriceps
Fejervarya_schlueteri
Fejervarya_syhadrensis,Limnonectes_syhadrensis,Rana_syhadrensis,Zakerana_syhadrensis,Rana_limnocharis_syhadrensis,Euphlyctis_syhadrensis
Fejervarya_teraiensis,Limnonectes_teraiensis,Zakerana_teraiensis,Rana_teraiensis
Limnonectes_heinrichi,Rana_heinrichi
Limnonectes_laticeps,Polypedates_affinis,Pyxicephalus_khasianus,Rana_laticeps,Rana_khasiana
Limnonectes_rhacoda,Occidozyga_rhacoda,Rana_rhacoda
Limnonectes_timorensis,Rana_timorensis
Nanorana_bourreti,Gynandropaa_yunnanensis,Paa_bourreti,Paa_yunnanensis,Rana_bourreti,Gynandropaa_bourreti,Rana_yunnanensis
Nanorana_delacouri,Rana_mediolineata,Annandia_delacouri,Rana_delacouri,Rana_microlineata,Chaparana_delacouri,Paa_microlineata
Ingerana_alpina,Limnonectes_alpinus
Ingerana_liui,Micrixalus_liui,Liurana_liui,Leptopelis_liui,Platymantis_liui,Taylorana_liui
Ingerana_mariae,Micrixalus_mariae,Taylorana_mariae
Ingerana_medogensis,Leptopelis_medogensis,Limnonectes_medogensis
Ingerana_sariba,Taylorana_sariba,Rana_sariba
Ingerana_tasanae,Rana_pullus,Rana_tasanae
Ingerana_xizangensis,Micrixalus_xizangensis,Limnonectes_xizangensis,Platymantis_xizangensis,Cornufer_xizangensis
Occidozyga_vittata,Oxyglossus_laevis_vittata,Phrynoglossus_vittatus
Eleutherodactylus_nivicolimae,Syrrhophus_rufescens,Syrrhophus_nivicolimae,Eleutherodactylus_nivocolimae,Tomodactylus_rufescens
Heleophryne_depressa,Heleophryne_purcelli_depressa
Flectonotus_fissilis,Nototheca_fissilis,Coelonotus_fissilis
Flectonotus_goeldii,Hyla_goeldii,Fritzia_goeldii
Flectonotus_ohausi,Fritzia_ohausi,Fritzia_hohousi,Hyla_ohausi
Hyla_helenae,Osteocephalus_germani
Hyla_warreni
Anotheca_spinosa,Nototrema_coronatum,Hyla_spinosa,Gastrotheca_coronata,Anotheca_coronata
Aparasphenodon_arapapa
Aparasphenodon_bokermanni,Nyctimantis_bokermanni
Aparasphenodon_brunoi,Corthomantis_brunoi,Corythomantis_adspersa,Corythomantis_brunoi,Aparasphenodon_adspersus,Aparasphenodon_apicalis,Corythomantis_apicalis,Nyctimantis_brunoi
Aparasphenodon_venezolanus,Corythomantis_venezolana,Trachycephalus_venezolanus
Aplastodiscus_callipygius,Boana_callipygia,Hyla_callipygia,Hyla_albosignata,Boana_albosignata
Argenteohyla_siemersi,Nyctimantis_siemersi,Hyla_siemersi,Argenteohyla_siemersi_siemersi,Argenteohyla_siemersi_pederseni,Trachycephalus_siemersi
Bokermannohyla_claresignata,Hyla_claresignata,Boana_claresignata
Bokermannohyla_clepsydra,Boana_clepsydra,Hyla_clepsydra
Bokermannohyla_feioi,Boana_nanuzae,Hyla_nanuzae,Boana_feioi,Hyla_feioi
Bokermannohyla_Izecksohni
Dendropsophus_allenorum,Hyla_allenorum,Hyla_timbeba
Dendropsophus_coffeus,Hyla_coffea
Dendropsophus_labialis,Hyla_gularis,Hyla_wilsoniana,Hyla_servalina,Dendropsophus_vilsonianus,Hyla_vilsoniana,Hyla_creolica,Hyla_vilsoniana_krausi,Hyla_labialis_krausi,Hyla_molitor,Hyla_molitor_marmorata,Hyla_labialis,Hyla_labialis_labialis
Dendropsophus_pelidna,Hyla_meridensis,Hyla_labialis_meridensis,Hyla_pelidna,Hyla_vilsoniana_meridensis
Diaglena_spatulata,Triprion_spatulatus_reticulatus,Diaglena_spatulata_spatulata,Diaglena_spatulata_reticulata,Hyla_spatulata,Triprion_spatulatus_spatulatus,Diaglena_reticulata
Ecnomiohyla_miotympanum,Hyla_miotympanum,Hyla_darlingi,Hyla_microtis
Ecnomiohyla_tuberculosa,Hypsiboas_tuberculosa,Hyla_tuberculosa,Boana_tuberculosa
Exerodonta_juanitae,Hyla_juanitae
Exerodonta_pinorum,Hyla_pinorum
Hyla_andersonii
Hyla_arboricola
Hyla_arenicolor,Hyla_copii,Hyliola_digueti,Hylarana_fusca,Hyla_coper
Hyla_avivoca,Hyla_phaeocrypta_ogechiensis,Hyla_avivoca_avivoca,Hyla_avivoca_ogechiensis
Hyla_bocourti,Hyliola_bocourti
Hyla_chrysoscelis,Hyla_femoralis_chrysoscelis,Hyla_versicolor_sandersi,Hyla_versicolor_chrysoscelis
Hyla_cinerea,Calamita_cinereus,Hyla_cinerea_semifasciata,Hyla_blochii,Calamita_lateralis,Hyla_carolinensis,Hyla_cinerea_evittata,Hyla_cinerea_cinerea,Hyla_lateralis,Hyla_carolinensis_semifasciata,Hyla_evittata,Rana_bilineata,Calamita_carolinensis,Hyla_holmani,Hyla_semifasciata
Hyla_euphorbiacea
Hyla_eximia,Hyla_cardenasi,Hyla_microeximia,Hyla_gracilipes,Hyliola_eximia,Hyla_eximia_eximia
Hyla_femoralis
Hyla_gratiosa,Epedaphus_gratiosus
Hyla_heinzsteinitzi,Hyla_arborea_stepheni,Hyla_arborea_ussuriensis,Hyla_japonica_stepheni,Hyla_ussuriensis,Hyla_sodeicampi,Hyla_japonica,Hyla_arborea_japonica,Hyla_stepheni,Hyla_japonica_japonica
Hyla_immaculata,Hyla_chinensis_immaculata,Hyla_suweonensis,Hyla_arborea_immaculata,Dryophytes_suweonensis
Hyla_japonica,Hyla_arborea_stepheni,Hyla_arborea_ussuriensis,Hyla_japonica_stepheni,Hyla_ussuriensis,Hyla_sodeicampi,Hyla_arborea_japonica,Hyla_stepheni,Hyla_japonica_japonica,Hyla_heinzsteinitzi
Hyla_plicata,Hyliola_plicata,Hyla_regilla_lafrentzi,Hyla_lafrentzi
Hyla_squirella,Hyla_goini,Hyla_delitescens,Dendrohyas_squirella,Auletris_squirella,Calamita_squirella,Hyla_flavigula
Hyla_suweonensis,Hyla_chinensis_immaculata,Hyla_arborea_immaculata,Dryophytes_suweonensis,Hyla_immaculata
Hyla_versicolor,Dendrohyas_versicolor,Hyla_versicolor_phaeocrypta,Hyla_richardii,Hyla_versicolor_versicolor,Hyla_phaeocrypta_phaeocrypta
Hyla_walkeri,Hyla_euphorbiacea_biseriata
Hyla_wrightorum,Hyla_eximia_wrightorum,Hyla_regilla_wrightorum
Hyloscirtus_estevesi,Hyalinobatrachium_estevesi,Centrolenella_estevesi
Hypsiboas_aguilari
Hypsiboas_albomarginatus,Hyla_albomarginata,Phyllobius_albomarginatus,Hyla_massarti
Hypsiboas_alboniger,Hyla_ocapia,Hyla_albonigra,Hyla_zebra
Hypsiboas_albopunctatus,Hypsiboas_spectrum,Hyla_spectrum,Hyla_oxyrhina,Hypsiboas_albipunctatus,Hyla_albopunctata,Calamita_fasciatus,Hyla_albopunctata_albopunctata
Hypsiboas_alemani,Hyla_alemani
Hypsiboas_angelicus,Hyla_roraima,Hypsiboas_roraima
Hypsiboas_atlanticus,Hyla_atlantica
Hypsiboas_balzani,Hyla_balzani
Hypsiboas_beckeri,Hyla_beckeri
Hypsiboas_benitezi,Hyla_benitezi
Hypsiboas_bischoffi,Hyla_bischoffi_multilineata,Hyla_bischoffi_bischoffi,Hyla_bischoffi,Hyla_multilineata,Hyla_vittigera
Hypsiboas_boans,Hyla_maxima,Hypsiboas_palmatus,Hyla_boans,Hyla_daudini,Rana_boans,Lobipes_palmata,Calamita_maximus,Calamita_palmatus,Cinclidium_granulatum,Hyla_palmata,Calamita_boans,Rana_maxima,Rana_zebra
Hypsiboas_botumirim
Hypsiboas_buriti,Hyla_buriti
Hypsiboas_caingua,Hyla_caingua
Hypsiboas_caipora
Hypsiboas_calcaratus,Hyla_calcarata,Hyla_leptoscelis
Hypsiboas_callipleura,Hyla_callipleura
Hypsiboas_cinerascens,Hyla_granosa_gracilis,Hypsiboas_granosus,Hyla_granosa,Boana_granosa,Hyla_inornata,Hyla_cinerascens,Boana_gracilis
Hypsiboas_cipoensis,Hyla_cipoensis,Hyla_polytaenia_cipoensis
Hypsiboas_cordobae,Hyla_cordobae,Hyla_pulchella_cordobae
Hypsiboas_crepitans,Auletris_crepitans,Hyla_crepitans
Hypsiboas_curupi
Hypsiboas_cymbalum,Hyla_cymbalum
Hypsiboas_dentei,Hyla_dentei
Hypsiboas_ericae,Hyla_ericae
Hypsiboas_exastis,Hyla_exastis
Hypsiboas_faber,Hyla_fulva,Hyla_gaimardi,Hyla_faber,Hyla_wachei,Rana_gaimardi
Hypsiboas_fasciatus,Hyla_fasciata
Hypsiboas_freicanecae,Hyla_freicanecae
Hypsiboas_fuentei,Hyla_doumercii,Hyla_indris,Hypsiboas_doumericii,Hyla_levaillantii,Hyla_fuentei,Hyla_xerophylla,Hypsiboas_indris,Hypsiboas_levaillantii,Hypsiboas_xerophyllum,Boana_fuentei
Hypsiboas_geographicus,Hyla_geographica_geographica,Hyla_cryptomelas,Centrotelma_geographica,Hyla_punctatissima_appendiculata,Hyla_cryptomelan,Centrotelma_cryptomelan,Hyla_geographica
Hypsiboas_gladiator
Hypsiboas_goianus,Hyla_goiana,Hyla_polytaenia_goiana
Hypsiboas_guentheri,Hyla_leucotaenia,Hyla_guentheri
Hypsiboas_heilprini,Hyla_heilprini
Hypsiboas_hobbsi,Hyla_hobbsi
Hypsiboas_hutchinsi,Hyla_hutchinsi
Hypsiboas_jimenezi,Boana_jimenzi,Hyla_sibleszi
Hypsiboas_joaquini,Hyla_pulchella_joaquini,Hyla_joaquini,Hyla_raddiana_joaquini
Hypsiboas_lanciformis,Hyla_microcentra,Hyla_lanciformis,Hyla_hypocellata,Hyla_lanciformis_guerreroi,Hyla_lanciformis_lanciformis
Hypsiboas_latistriatus,Hyla_latistriata
Hypsiboas_lemai,Hyla_lemai
Hypsiboas_leptolineatus,Hyla_leptolineata
Hypsiboas_leucocheilus,Hyla_leucocheila
Hypsiboas_liliae,Boana_liliae
Hypsiboas_lundii,Hyla_pustulosa,Hylella_punctatissima,Hyla_lundii,Hyla_punctatissima,Hyla_biobeba
Hypsiboas_marginatus,Hyla_marginata
Hypsiboas_marianitae,Hyla_marianitae
Hypsiboas_melanopleura,Hyla_melanopleura
Hypsiboas_microderma,Hyla_microderma
Hypsiboas_multifasciatus,Hyla_multifasciata,Hyla_albopunctata_multifasciata
Hypsiboas_nympha
Hypsiboas_ornatissimus,Hyla_ornatissima
Hypsiboas_palaestes,Hyla_palaestes
Hypsiboas_paranaiba
Hypsiboas_pardalis,Hyla_pardalis,Hyla_corticalis,Hyla_rubropunctata
Hypsiboas_pellucens,Hyla_pulicaria,Hyla_pellucens,Hyla_guibei
Hypsiboas_phaeopleura,Hyla_phaeopleura
Hypsiboas_picturatus,Hyla_picturata
Hypsiboas_poaju
Hypsiboas_polytaenius,Hyla_striata,Hyla_polytaenia_polytaenia,Hyla_polytaenia
Hypsiboas_pombali,Hyla_pombali
Hypsiboas_prasinus,Hyla_prasina,Hyla_quoyi,Boana_quoyi,Hyla_pulchella_prasina
Hypsiboas_pugnax,Hyla_pugnax
Hypsiboas_pulchellus,Hyla_pulchella,Scinax_vautierii,Hyla_agrestis,Hyla_albovittata,Hyla_leucomelas,Hyla_leucotaenia,Hyla_mocquardi,Hyla_vautieri,Hyla_pulchella_pulchella,Hyla_bracteator
Hypsiboas_pulidoi,Centrolenella_pulidoi
Hypsiboas_punctatus,Hyla_papillaris,Calamita_punctatus,Hyla_pearsei,Hylella_pearsei,Hyla_punctata_rubrolineata,Hyla_punctata,Hyla_rhodoporus,Hysaplesia_punctata,Scinax_variolosa,Hyla_variolosa,Hyla_rubeola,Hypsiboas_punctatus_rubrolineatus,Auletris_variolosa
Hypsiboas_raniceps,Hyla_spegazzinii,Hyla_raniceps,Hyla_goodfellowi,Hyla_roeschmanni
Hypsiboas_rhythmicus,Hyla_rhythmicus
Hypsiboas_riojanus,Hyla_andina,Hyla_raddiana_andina,Hyla_riojana,Hyla_pulchella_andina,Hyla_pulchella_riojana,Boana_andina,Hypsiboas_andinus,Hyla_pulchella_cochabambae
Hypsiboas_roraima,Hyla_roraima,Hypsiboas_angelicus
Hypsiboas_rosenbergi,Hyla_rosenbergi
Hypsiboas_rubracylus,Hyla_rubracyla
Hypsiboas_rufitelus,Hyla_rufitela
Hypsiboas_secedens,Hyla_secedens
Hypsiboas_semiguttatus,Hyla_semiguttata
Hypsiboas_semilineatus,Hyla_geographica_semilineata,Hyla_punctillata,Cophomantis_punctillata,Hyla_semilineata
Hypsiboas_sibleszi,Hyla_sibleszi
Hypsiboas_stellae
Hypsiboas_stenocephalus,Hyla_stenocephala
Hypsiboas_tepuianus,Hypsiboas_benitezi_part,Hyla_benitezi
Hypsiboas_varelae,Hyla_varelae
Hypsiboas_wavrini,Hyla_wavrini,Hyla_mirandaribeiri
Isthmohyla_melacaena,Hyla_melacaena
Myersiohyla_kanaima,Hyla_kanaima
Osteocephalus_exophthalmus,Osteocephalus_phasmatus,Tepuihyla_phasmata
Osteocephalus_inframaculatus,Hyla_inframaculata,Hyla_zernyi
Osteocephalus_pearsoni,Hyla_pearsoni
Osteocephalus_phasmatus,Osteocephalus_exophthalmus,Tepuihyla_phasmata
Plectrohyla_ameibothalame,Hyla_ameibothalame
Plectrohyla_arborescandens,Hyla_arborescandens,Hyla_forbesi
Plectrohyla_bistincta,Hyla_bistincta,Hyla_bistincta_bistincta
Plectrohyla_calthula,Sarcohyla_ephemera,Hyla_calthula,Hyla_ephemera,Plectrohyla_ephemera,Sarcohyla_calthula,Hyla_bistincta_labeculata
Plectrohyla_calvicollina,Hyla_calvicollina
Plectrohyla_celata,Hyla_celata
Plectrohyla_cembra,Hyla_cembra
Plectrohyla_charadricola,Hyla_charadricola
Plectrohyla_chryses,Hyla_chryses
Plectrohyla_crassa,Hyla_bogertae,Hypsiboas_crassus,Hyla_robustofemora,Cauphias_crassus,Hyla_crassa
Plectrohyla_cyanomma,Hyla_cyanomma
Plectrohyla_cyclada,Hyla_cyclada
Plectrohyla_ephemera,Sarcohyla_ephemera,Hyla_calthula,Plectrohyla_calthula,Hyla_ephemera,Sarcohyla_calthula,Hyla_bistincta_labeculata
Plectrohyla_hazelae,Hyla_hazelae
Plectrohyla_labedactyla,Hyla_labedactyla
Plectrohyla_miahuatlanensis
Plectrohyla_mykter,Hyla_mykter
Plectrohyla_pachyderma,Hyla_pachyderma
Plectrohyla_pentheter,Hyla_pentheter
Plectrohyla_psarosema,Hyla_psarosema
Plectrohyla_robertsorum,Hyla_robertsorum
Plectrohyla_sabrina,Hyla_sabrina
Plectrohyla_siopela,Hyla_siopela
Plectrohyla_thorectes,Hyla_thorectes
Pseudis_boliviana,Lysapsus_limellus_bolivianus
Pseudis_caraya,Lysapsus_limellus_caraya
Ptychohyla_acrochorda,Hyla_acrochorda
Ptychohyla_erythromma,Hyla_erythromma
Ptychohyla_legleri,Hyla_legleri
Ptychohyla_panchoi,Hyla_panchoi
Ptychohyla_salvadorensis,Hyla_salvadorensis
Ptychohyla_sanctaecrucis,Hyla_sanctaecrucis
Ptychohyla_spinipollex,Hyla_spinipollex,Ptychohyla_merazi
Scinax_cruentommus,Ololygon_cruentoma,Hyla_cruentomma
Scinax_elaeochrous,Ololygon_elaeochroa,Hyla_elaeochroa,Hyla_dulcensis,Hyla_quinquevittata,Scinax_elaeochraoa
Scinax_lutzorum,Ololygon_trilineata,Ololygon_parkeri,Hyla_parkeri,Hyla_fuscomarginata,Ololygon_fuscomarginata,Scinax_pusillus,Scinax_parkeri,Scinax_trilineatus
Scinax_parkeri,Ololygon_trilineata,Scinax_lutzorum,Ololygon_parkeri,Hyla_parkeri,Hyla_fuscomarginata,Ololygon_fuscomarginata,Scinax_pusillus,Scinax_trilineatus
Scinax_pinima,Hyla_pinima
Scinax_trilineatus,Ololygon_trilineata,Scinax_lutzorum,Ololygon_parkeri,Hyla_parkeri,Hyla_fuscomarginata,Ololygon_fuscomarginata,Scinax_pusillus,Scinax_parkeri
Sphaenorhynchus_orophilus,Hylopsis_platycephalus,Hyla_orophila,Dryomelictes_orophila,Hyla_aurantiaca_orophila,Sphoenohyla_orophila
Sphaenorhynchus_pauloalvini,Gabohyla_pauloalvini
Tepuihyla_celsae,Osteocephalus_luteolabris
Tepuihyla_galani,Osteocephalus_rodriguezi,Osteocephalus_rimarum,Tepuihyla_talbergae,Osteocephalus_galani,Tepuihyla_rimarum,Hyla_rodriguezi
Tepuihyla_rimarum,Tepuihyla_galani,Osteocephalus_rodriguezi,Osteocephalus_rimarum,Tepuihyla_talbergae,Osteocephalus_galani,Hyla_rodriguezi
Tepuihyla_talbergae,Tepuihyla_galani,Osteocephalus_rodriguezi,Osteocephalus_rimarum,Osteocephalus_galani,Tepuihyla_rimarum,Hyla_rodriguezi
Litoria_alboguttata,Brendanura_alboguttata,Cyclorana_alboguttatus,Chiroleptes_alboguttatus,Chiroleptes_albopunctatus,Mitrolysis_alboguttatus,Dryopsophus_alboguttatus
Litoria_australis,Phractops_australis,Chiroleptes_australis,Cheiroleptes_australis,Alytes_australis,Dryopsophus_australis,Cyclorana_australis
Litoria_avocalis
Litoria_brevipes,Phractops_brevipes,Dryopsophus_brevipes,Chiroleptes_brevipes,Phractops_brevipalmatus,Cyclorana_brevipes,Chiroleptes_brevipalmatus
Litoria_cheesmani,Nyctimystes_cheesmanae,Nyctimystes_montana,Litoria_cheesmanae
Litoria_corbeni,Rawlinsonia_corbeni
Litoria_cryptotis,Cyclorana_cryptotis,Dryopsophus_cryptotis
Litoria_cultripes,Dryopsophus_cultripes,Cyclorana_cultripes
Litoria_daymani
Litoria_disrupta,Nyctimystes_oktediensis,Litoria_oktediensis
Litoria_fluviatilis
Litoria_foricula
Litoria_granti,Nyctimantis_granti
Litoria_gularis
Litoria_humeralis,Hyla_humeralis
Litoria_kubori
Litoria_kuduki
Litoria_longipes,Cyclorana_longipes,Dryopsophus_longipes
Litoria_maculosa,Cyclorana_maculosa,Dryopsophus_maculosus
Litoria_maini,Dryopsophus_maini,Cyclorana_maini
Litoria_manya,Cyclorana_manya,Dryopsophus_manya,Neophractops_manya
Litoria_michaeltyleri
Litoria_montana,Hyla_montana,Hyla_montana_montana
Litoria_narinosa
Litoria_novaehollandiae,Cyclorana_novaehollandiae,Phractops_alutaceus,Dryopsophus_novaehollandiae
Litoria_obsoleta,Hyla_obsoleta
Litoria_oktediensis,Nyctimystes_oktediensis,Litoria_disrupta
Litoria_papua,Nyctimantis_papua
Litoria_perimetri
Litoria_persimilis
Litoria_platycephala,Neophractops_platycephalus,Cyclorana_platycephala,Phractops_platycephalus,Neophractops_slevini,Dryopsophus_platycephalus,Chiroleptes_platycephalus,Cyclorana_slevini
Litoria_pulchra,?_pulcher,Hyla_pulchra,Nyctimystes_pulchra,Litoria_pulcher
Litoria_sauroni,Ranoidea_sauroni
Litoria_semipalmata
Litoria_trachydermis
Litoria_vagitus,Cyclorana_vagitus,Dryopsophus_vagitus
Litoria_verrucosa,Cyclorana_verrucosus,Dryopsophus_verrucosus
Litoria_zweifeli,Nyctimyates_zweifeli
Agalychnis_aspera,Phyllomedusa_aspera
Agalychnis_granulosa,Phyllomedusa_granulosa
Phyllomedusa_atelopoides
Phyllomedusa_ayeaye,Phyllomedusa_itacolomi
Phyllomedusa_azurea,Phyllomedusa_hypochondrialis_azurea,Pithecopus_hypochondrialis_azureus
Phyllomedusa_baltea
Phyllomedusa_centralis
Phyllomedusa_Duellmani
Phyllomedusa_ecuatoriana
Phyllomedusa_hypochondrialis,Phyllomedusa_hypocondrialis,Hyla_hypochondrialis,Bradymedusa_hypochondrialis,Calamita_hypochondrialis,Pithecopus_hypochondrialis_hypochondrialis,Hyla_hypocondrialis,Phrynomedusa_hypochondrialis
Phyllomedusa_megacephala,Bradymedusa_megacephala
Phyllomedusa_nordestina
Phyllomedusa_oreades,Phyllomedusa_araguari
Phyllomedusa_palliata
Phyllomedusa_perinesos
Phyllomedusa_rohdei,Bradymedusa_moschata
Phyllomedusa_tomopterna,Pithecopus_tomopterna
Crossodactylus_aeneus
Crossodactylus_bokermanni,Tarsopterus_trachystomus,Crossodactylus_bresslaui
Megaelosia_apuana
Megaelosia_bocainensis
Megaelosia_boticariana
Megaelosia_jordanensis,Cycloramphus_jordanensis
Megaelosia_lutzae
Megaelosia_massarti,Elosia_massarti
Alexteroon_hypsiphonus
Alexteroon_jynx
Alexteroon_obstetricans,Hyperolius_obstetricans
Chlorolius_koehleri
Hyperolius_acuticeps,Rappia_microps,Hyperolius_nasutus_acuticeps,Hyperolius_usaramoae
Hyperolius_fasciatus,Rappia_bivittata,Hyperolius_platyceps_lomamiensis,Hyperolius_platyceps_platyceps,Hyperolius_platyceps_pleurotaenia,Megalixalus_platyceps,Rappia_fasciata,Rappia_platyceps_angolensis,Hyperolius_pleurotaenius,Hyperolius_ferreirai,Hyperolius_platyceps_olbrechtsi,Rappia_pleurotaenia,Rappia_platyceps,Hyperolius_platyceps_lombaris,Hyperolius_angolanus,Hyperolius_platyceps_angolanus
Hyperolius_ferreirai,Rappia_bivittata,Hyperolius_platyceps_lomamiensis,Hyperolius_platyceps_platyceps,Hyperolius_platyceps_pleurotaenia,Megalixalus_platyceps,Rappia_fasciata,Rappia_platyceps_angolensis,Hyperolius_pleurotaenius,Hyperolius_platyceps_olbrechtsi,Rappia_pleurotaenia,Rappia_platyceps,Hyperolius_angolanus,Hyperolius_platyceps_lombaris,Hyperolius_fasciatus,Hyperolius_platyceps_angolanus
Hyperolius_laticeps
Hyperolius_punctulatus,Rappia_punctulata,Rappia_nasuta,Hyperolius_nasutus_nasutus
Hyperolius_robustus
Hyperolius_seabrai,Rappia_bocagei_bocagei,Rappia_bocagei_maculata,Rappia_seabrai,Rappia_bocagii
Hyperolius_thoracotuberculatus
Hyperolius_wermuthi
Kassina_maculata,Kassina_poweri,Hylambates_maculatus
Phlyctimantis_boulengeri
Phlyctimantis_keithae,Kassina_keithae
Phlyctimantis_leonardi,Kassina_leonardi,Hylambates_leonardi
Phlyctimantis_verrucosus,Kassina_verrucosa,Hylambates_verrucosus
Eupemphix_nattereri,Paludicola_edentula
Physalaemus_Barrioi
Pleurodema_fuscomaculatum,Hiobates_fuscomaculatus,Lystris_fuscomaculata,Eupemphix_fuscomaculatus,Gomphobates_biligonigerus,Hyobates_fuscomaculatus,Paludicola_biligonigera,Gomphobates_fuscomaculata,Hiobates_fuscus,Pleurodema_biligonigera,Physalaemus_fuscomaculata,Paludicola_fuscomaculata,Liuperus_biligonigerus
Pseudopaludicola_riopiedadensis
Pseudopaludicola_serrana
Somuncuria_somuncurensis,Pleurodema_somuncurensis,Telmatobius_somuncurensis
Leptodactylus_ajurauna
Leptodactylus_andreae
Leptodactylus_araucaria
Leptodactylus_bokermanni
Leptodactylus_chaquensis,Leptodactylus_ocellatus_typica
Leptodactylus_coca
Leptodactylus_diptyx,Leptodactylus_glandulosus
Leptodactylus_engelsi
Leptodactylus_heyeri
Leptodactylus_hylaedactylus,Leptodactylus_melini,Leptodactylus_minutus,Leptodactylus_marmoratus_hylaedactylus,Leptodactylus_hololius,Leptodactylus_poeppigi,Cystignathus_hylaedactylus
Leptodactylus_lineatus,Rana_schneideri,Rana_castanea,Leptodactylus_hemidactyloides,Bufo_albonatus,Bufo_albonotatus,Rana_lineata
Leptodactylus_lutzi
Leptodactylus_marmoratus,Leptodactylus_trivittatus,Leptodactylus_marmoratus_marmoratus,Leptodactylus_marmorata
Leptodactylus_martinezi
Leptodactylus_nanus
Leptodactylus_rhodostima
Leptodactylus_simonstuarti
Leptodactylus_thomei
Paratelmatobius_pictiventris,Leptodactylus_gaigeae
Boophis_angrangoloaka,Rhacophorus_brevirostris,Rhacophorus_andrangoloaka
Borneophrys_edwardinae
Brachytarsophrys_carinense,Brachytarsophrys_platyparietus,Megophrys_carinensis,?_carinensis,Leptobrachium_carinense,Megalophrys_carinensis,Megophrys_platyparietus,Brachytarsophrys_carinensis
Brachytarsophrys_chuannanensis
Brachytarsophrys_feae,Megalophrys_feae,Leptobrachium_feae
Brachytarsophrys_intermedia,Megalophrys_intermedius
Leptobrachium_nokrekensis,Leptolalax_nokrekensis
Leptolalax_aereus
Leptolalax_alpinus,Paramegophrys_alpinus
Leptolalax_applebyi
Leptolalax_arayai
Leptolalax_bourreti
Leptolalax_croceus
Leptolalax_dringi
Leptolalax_fuliginosus
Leptolalax_gracilis,Megophrys_gracilis,Megalophrys_gracilis,Leptobrachium_gracile,Leptobrachium_gracilis
Leptolalax_hamidi
Leptolalax_heteropus,Megophrys_heteropus,Leptobrachium_heteropus,Megalophrys_heteropus
Leptolalax_kajangensis
Leptolalax_kecil
Leptolalax_khasiorum
Leptolalax_lateralis,Ixalus_lateralis,Megophrys_lateralis,Panophrys_lateralis,Xenophrys_lateralis
Leptolalax_liui,Paramegophrys_liui
Leptolalax_maurus
Leptolalax_melanolecus,Leptolalax_melanoleucus
Leptolalax_melicus
Leptolalax_nahangensis
Leptolalax_oshanensis,Leptobrachium_oshanense,Paramegophrys_oshanensis,Leptolalax_pelodytoides_oshanesis,Megophrys_oshanensis
Leptolalax_pelodytoides,Leptolalax_pelodytoides_pelodytoides,Megalophrys_pelodytoides,Paramegophrys_pelodytoides,Carpophrys_pelodytoides,Megophrys_pelodytoides,Leptobrachium_pelodytoides
Leptolalax_pictus
Leptolalax_pluvialis
Leptolalax_solus
Leptolalax_sungi,Paramegophrys_sungi,Paramegophrys_sangi
Leptolalax_tamdil,Leptolalax_tamdili
Leptolalax_tuberosus
Leptolalax_ventripunctatus,Paramegophrys_ventripunctatus
Ophryophryne_gerti
Ophryophryne_hansi
Ophryophryne_microstoma,Ophryophryne_poilani,Megophrys_poilani
Ophryophryne_pachyproctus
Ophryophryne_synoria
Xenophrys_aceras,Megalophrys_aceras,Megalophrys_montana_aceras,Panophrys_aceras
Xenophrys_auralensis
Xenophrys_baluensis,Megalophrys_baluensis,Leptobrachium_baluense,Panophrys_baluensis,?_baluensis
Xenophrys_baolongensis,Boulenophrys_baolongensis
Xenophrys_binchuanensis,Boulenophrys_binchuanensis,Megophrys_minor_binchuanensis
Xenophrys_binlingensis,Megophrys_binlingensis_fanjingmontis,Megophrys_binlingensis_binlingensis
Xenophrys_boettgeri,Panophrys_boettgeri,Megalophrys_boettgeri,Leptobrachium_boettgeri,Boulenophrys_boettgeri
Xenophrys_brachykolos,Panophrys_brachykolos,Megophrys_minor_brachykolos,Boulenophrys_brachykolos
Xenophrys_caudoprocta
Xenophrys_damrei
Xenophrys_daweimontis,Panophrys_daweimontis
Xenophrys_dringi
Xenophrys_gigantica,Atympanophrys_gigantica
Xenophrys_glandulosa,Liuophrys_glandulosa
Xenophrys_huangshanensis,Megophrys_minor,Boulenophrys_huangshanensis
Xenophrys_jingdongensis,Panophrys_jingdongensis,Xenophrys_omeimontis_jingdongensis,Megophrys_omeimontis_jingdongensis
Xenophrys_kuatunensis,Boulenophrys_kuatunensis,Panophrys_kuatunensis,Megalophrys_kuatunensis
Xenophrys_lekaguli
Xenophrys_longipes,Megalophrys_longipes
Xenophrys_major,Xenophrys_gigas,Megalophrys_major,Liuophrys_major
Xenophrys_mangshanensis,Liuophrys_mangshanensis
Xenophrys_medogensis,Megophrys_omeimontis_medogensis,Megophrys_omeimontis_motuoensis
Xenophrys_minor,Megophrys_minor_minor,Panophrys_minor,Boulenophrys_minor
Xenophrys_nankiangensis,Atympanophrys_nankiangensis,Atympanophrys_nankiangiensis,Panophrys_nankiangensis
Xenophrys_omeimontis,Panophrys_omeimontis,Megophrys_omeimontis_omeimontis,Boulenophrys_omeimontis
Xenophrys_pachyproctus,Panophrys_pachyproctus
Xenophrys_palpebralespinosa,Boulenophrys_palpebralespinosa,Panophrys_palpebralespinosa
Xenophrys_parallela,Xenophrys_parallelus
Xenophrys_parva,Panophrys_parva,Megalophrys_parva,Leptobrachium_parvum
Xenophrys_robusta,Panophrys_robusta,Megalophrys_robusta
Xenophrys_sangzhiensis
Xenophrys_serchhipii
Xenophrys_shapingensis,Atympanophrys_shapingensis
Xenophrys_shuichengensis
Xenophrys_spinata
Xenophrys_takensis
Xenophrys_tuberogranulatus,Boulenophrys_tuberogranulatus,Megophrys_tuberogrannulus
Xenophrys_wawuensis,Atympanophrys_wawuensis,Boulenophrys_wawuensis
Xenophrys_wuliangshanensis,Boulenophrys_wuliangshanensis
Xenophrys_wushanensis,Boulenophrys_wushanensis
Xenophrys_zhangi
Xenophrys_zunhebotoensis
Micrixalus_narainensis,Micrixalus_swamianus,Philautus_narainensis,Philautus_swamianus,Philautus_kottigeharensis
Micrixalus_swamianus,Micrixalus_narainensis,Philautus_narainensis,Philautus_swamianus,Philautus_kottigeharensis
Altigius_alios
Hyophryne_histrio
Melanophryne_barbatula
Melanophryne_carpish,Phrynopus_carpish
Relictivomer_pearsei,Hypopachus_pearsei
Syncope_antenori
Syncope_carvalhoi
Syncope_tridactyla,Adelophryne_tridactyla
Albericus_brunhildae
Albericus_darlingtoni,Cophixalus_biroi_darlingtoni,Cophixalus_darlingtoni
Albericus_exclamitans
Albericus_fafniri
Albericus_gudrunae
Albericus_gunnari
Albericus_laurini
Albericus_murritus
Albericus_rhenaurum,Albericus_rheaurum
Albericus_sanguinopictus
Albericus_siegfriedi,Choerophryne_siegriedi
Albericus_swanhildae
Albericus_tuberculus,Cophixalus_tuberculus
Albericus_valkuriarum
Albericus_variegatus,Cophixalus_variegatus_variegatus,Cophixalus_variegatus,Phrynomantis_variegatus,Hylophorbus_variegatus
Austrochaperina_guttata
Cophixalus_aimbensis,Oreophryne_verrucosa,Sphenophryne_verrucosa
Cophixalus_sisyphus,Sphenophryne_ateles
Genyophryne_thomsoni
Liophryne_allisoni
Liophryne_dentata
Liophryne_magnitympanum
Liophryne_rhododactyla
Liophryne_rubra
Liophryne_schlaginhaufeni,Sphenophryne_klossi
Liophryne_similis
Mantophryne_infulata,Phrynomantis_infulata
Metamagnusia_marani
Metamagnusia_slateri,Callulops_slateri,Phrynomantis_slateri
Oreophryne_nana
Oreophryne_parkeri
Oxydactyla_alpestris,Sphenophryne_alpestris
Oxydactyla_brevicrus
Oxydactyla_coggeri
Oxydactyla_crassa
Oxydactyla_stenodactyla
Pherohapsis_menziesi
Pseudocallulops_eurydactylus,Callulops_eurydactylus,Phrynomantis_eurydactyla
Pseudocallulops_pullifer,Callulops_pullifer
Madecassophryne_Truebae
Platypelis_alticola,Platyhyla_alticola
Platypelis_barbouri,Paracophyla_tuberculata
Platypelis_cowanii
Platypelis_grandis,Cophyla_tuberculata,Platypelis_tuberculata,Platyhyla_verrucosa,Platyhyla_grandis,Platyhyla_voeltzkowi
Platypelis_mavomavo
Platypelis_milloti
Platypelis_pollicaris
Platypelis_tetra
Platypelis_tsaratananaensis,Platypelis_tsaratanaensis,Platypelis_tasartananaensis
Platypelis_tuberifera,Plethodontohyla_tuberifera,Platyhyla_tuberifera
Rhombophryne_alluaudi,Dyscophus_alluaudi,Plethodontohyla_laevis_tsianovoihensis,Plethodontohyla_tsianovohensis,Mantipus_alluaudi
Stumpffia_helenae,Rhombophryne_helenae
Chiasmocleis_alagoanus
Chiasmocleis_panamensis
Chiasmocleis_supercilialbus,Syncope_supercilialbus
Elachistocleis_magnus
Gastrophryne_pictiventris,Engystoma_pictiventre,Microhyla_pictiventris,Engystoma_pictiventris,?_pictiventris
Gastrophryne_usta,Gastrophryne_usta_gadowi,Gastrophryne_usta_retifera,Systoma_ustum,Gastrophryne_usta_gadovii,Engystoma_mexicanum,Microhyla_usta,Microhyla_usta_gadovii,Microhyla_gadovii,Engystoma_ustum,Gastrophryne_usta_usta,Eupemphix_gadovii,Microhyla_usta_usta
Nelsonophryne_aequatorialis,Glossostoma_aequatoriale,Gastrophryne_aequatorialis,?_aequatorialis,Engystoma_aequatorialis,Engistoma_aequatoriale,Microhyla_aequatorialis
Nelsonophryne_aterrima,Glossostoma_aterrimum,Microhyla_aterrima,Gastrophryne_aterrima
Kalophrynus_menglienicus,Micryletta_menglienica
Calluella_brooksii,Colpoglossus_brooksii,Calluella_brooksi
Calluella_flava
Calluella_guttulata,Megalophrys_guttulata,Callula_guttulata
Calluella_minuta
Calluella_smithi,Calliglutus_smithi,Colpoglossus_smithi
Calluella_volzi,Dyscophina_volzi
Calluella_yunnanensis,Kaluella_yunnanensis,Calluella_ocellata
Kaloula_taprobanica,Kaloula_pulchra_taprobanica
Microhyla_annamensis,Nanohyla_annamensis
Microhyla_annectens,Nanohyla_annectens
Microhyla_erythropoda
Microhyla_fowleri,Microhyla_malcolmi,Diplopelma_berdmorei,Engystoma_berdmorei,Callula_natatrix
Microhyla_fusca
Microhyla_marmorata,Nanohyla_marmorata
Microhyla_nanapollexa,Nanohyla_nanapollexa
Microhyla_nepenthicola,Microhyla_borneense
Microhyla_perparva,Nanohyla_perparva
Microhyla_petrigena,Nanohyla_petrigena
Microhyla_pulverata
Ramanella_anamalaiensis,Ramanella_minor,Uperodon_minor
Ramanella_minor,Uperodon_minor,Ramanella_anamalaiensis
Ramanella_montana,Hylaedactylus_montanus
Ramanella_mormorata
Ramanella_nagaoi
Ramanella_obscura,Callula_obscura
Ramanella_palmata
Ramanella_triangularis,Ramanella_triangularis_rufeventris,Callula_triangularis,Kaloula_triangularis
Ramanella_variegata,Kaloula_variegata,Ramanella_symbioitica,Callula_olivacea,Callula_variegata,Hylaedactylus_carnaticus
Uperoleia_capitulata,Pseudophryne_rugosa,Uperoleia_marmorata_rugosa,Uperoleia_fimbrianus,Prohartia_rugosa,Prohartia_fimbrianus,Pseudophryne_fimbrianus
Nyctibatrachus_sholai
Petropedetes_dutoiti
Petropedetes_martiensseni
Petropedetes_natator
Petropedetes_yakusini
Phrynobatrachus_maculiventris,Schoutedenella_liberiensis,Cardioglossa_liberiensis
Phrynobatrachus_vogti,Hylarthroleptis_albolabris,Phrynobatrachus_accraensis,Phrynobatrachus_albolabris,Phrynobatrachus_latifrons_latifrons,Phrynobatrachus_latifrons_togoensis,Phrynobatrachus_parogoensis,Hylarthroleptis_accraensis,Hylarthroleptis_vogti
Silurana_epitropicalis
Silurana_tropicalis,Silurana_intertropicalis
Ptychadena_hylaea
Amietia_amieti,Rana_fuscigula_chapini,Rana_angolensis_chapini,Rana_amieti,Afrana_amieti,Rana_chapini,Raba_angolensis_chapini
Amietia_dracomontana,Afrana_dracomontana,Rana_delalandii,Amietia_quecketti,Rana_theileri,Rana_quecketti,Rana_dracomontana,Rana_nyassae
Amietia_lubrica,Rana_fuscigula_nutti,Rana_aberdariensis,Rana_nutti,Rana_lubrica
Amietia_umbraculata,Rana_vertebralis,Rana_umbraculata
Amietia_viridireticulata,Rana_viridireticulata,Rana_tenuoplicata
Cacosternum_poyntoni,Cacosternum_nanum_nanum,Cacosternum_boettgeri_albiventer,Cacosternum_magnaglandiferus
Strongylopus_Grayii
Amolops_kangtingensis,Staurois_mantzorum_mantzorum,Staurois_jugans,Staurois_kangtingensis,Staurois_mantzorum,Rana_jugans,Polypedates_mantzorum
Amolops_liangshanensis,Staurois_liangshanensis,Staurois_loloensis
Babina_adenopleura,Rana_caldwelli,Hylorana_adenopleura,Hylarana_adenopleura,Nidirana_caldwelli,Babina_caldwelli,Rana_adenopleura
Babina_caldwelli,Rana_caldwelli,Hylorana_adenopleura,Hylarana_adenopleura,Nidirana_caldwelli,Babina_adenopleura,Rana_adenopleura
Babina_chapaensis,Rana_chapaensis,Hylarana_chapaensis
Babina_daunchina,Hylarana_daunchina,Rana_daunchina,Rana_musica
Babina_hainanensis,Hylarana_hainanensis
Babina_lini,Hylarana_lini,Rana_lini
Babina_okinavana,Rana_okinavana,Nidirana_psaltes,Rana_psaltis,Babina_psaltes,Rana_psaltes,Hylarana_psaltes
Babina_pleuraden,Rana_pleuraden,Dianrana_pleuraden,Pelophylax_pleuraden
Huia_sumatrana,Amolops_sumatranus,Wijayarana_sumatrana
Hylarana_albolabris,Hyla_albolabris,Hydrophylax_albolabris,Amnirana_longipes,Hylarana_albolabris_albolabris,Rana_albolabris_albolabris,Hylarana_acutirostris_longipes,Limnodytes_albolabris,Rana_albolabris,Hylarana_longipes,Hydrophylax_longipes
Hylarana_albotuberculata,Chalcorana_albotuberculata,Sanguirana_albotuberculata,Rana_mearnsi,Rana_dubita,Rana_everetti_albotuberculata,Rana_albotuberculata,Hydrophylax_albotuberculata
Hylarana_amnicola,Rana_amnicola,Hydrophylax_amnicola
Hylarana_arfaki,Limnodytes_arfaki,Hylorana_macroscelis,Rana_fallax,Rana_macroscelis,Tylerana_arfaki,Rana_arfaki,Sylvirana_arfaki,Rana_waigeensis
Hylarana_asperrima,Rana_asperrima,Hydrophylax_asperrima
Hylarana_attigua,Sylvirana_attigua,Rana_attigua,Papurana_attigua
Hylarana_aurantiaca,Sylvirana_aurantiaca,Rana_aurantiaca
Hylarana_aurata,Sylvirana_aurata,Rana_aurata
Hylarana_banjarana,Rana_banjarana
Hylarana_baramica,Rana_cryptica,Rana_baramica
Hylarana_celebensis,Hylorana_celebensis,Rana_celebensis,Papurana_celebensis,Sylvirana_celebensis,Limnodytes_celebensis
Hylarana_chalconota,Rana_chalconota_chalconota,Polypedates_chalconotus,Hyla_chalconotus,Polypedates_junghunii,Rana_chalconota,Hylorana_chalconota,Limnodytes_chalconotus,Hydrophylax_chalconota
Hylarana_crassiovis,Rana_crassiovis,Hydrophylax_kampeni,Hylarana_kampeni,Chalcorana_crassiovis,Rana_kampeni,Chalcorana_kampeni,Hydrophylax_crassiovis
Hylarana_cubitalis,Sylvirana_nigrotympanica,Rana_nigrotympanica,Hylarana_nigrotympanica,Rana_cubitalis
Hylarana_daemeli,Rana_daemeli,Hyla_nobilis,Hylorana_daemeli,Rana_papua_novaebritanniae,Sylvirana_daemeli,Hylorana_novaebritanniae,Rana_novaebritanniae,Hylarana_nebulosa
Hylarana_darlingi,Rana_darlingi,Hydrophylax_darlingi,Rana_albolabris_adiscifera
Hylarana_debussyi,Rana_debussyi
Hylarana_elberti,Sylvirana_elberti,Rana_elberti,Rana_timorensis
Hylarana_eschatia,Rana_eschatia
Hylarana_everetti,Rana_everetti,Rana_merrilli,Rana_everetti_everetti,Hydrophylax_everetti,Chalcorana_everetti
Hylarana_faber,Rana_faber
Hylarana_florensis,Rana_florensis,Sylvirana_florensis,Rana_papua_florensis,Hylorana_papua_florensis
Hylarana_fonensis,Hydrophylax_fonensis
Hylarana_galamensis,Rana_bravana,Rana_galamensis_bravana,Hydrophylax_galamensis,Rana_galamensis,Rana_somalica,Dicroglossus_galamensis,Limnodytes_bravanus,Rana_magretti,Rana_oubanghiensis,Rana_fiechteri,Hylarana_galamensis_galamensis,Hylarana_galamensis_bravana
Hylarana_garritor,Rana_garritor,Sylvirana_garritor
Hylarana_glandulosa,Rana_glandulosa
Hylarana_gracilis,Rana_macularia,Sylvirana_gracilis,Hylorana_macularia,Rana_gracilis,Lymnodytes_macularius
Hylarana_grandocula,Rana_yakani,Rana_grandocula,Rana_signata_grandocula,Rana_philippinensis
Hylarana_grisea,Sylvirana_grisea,Rana_grisea,Rana_grisea_ceramensis,Rana_grisea_grisea
Hylarana_guentheri,Rana_elegans,Limnodytes_elegans,Boulengerana_guentheri,Rana_guentheri
Hylarana_hekouensis,Gymnodytes_nigrovittata,Hylorana_nigrovittata,Rana_nigrovittata,Hylarana_nigrovittata,Hylarana_menglaensis,Sylvirana_hekouensis,Sylvirana_menglaensis,Lymnodytes_nigrovittatus
Hylarana_igorota,Hydrophylax_igorata,Rana_igorota,?_igorata,Chalcorana_igorota,Sanguirana_igorata
Hylarana_jimiensis,Tylerana_jimiensis,Sylvirana_jimiensis,Rana_jimiensis
Hylarana_kampeni,Rana_crassiovis,Hydrophylax_kampeni,Chalcorana_crassiovis,Hylarana_crassiovis,Rana_kampeni,Chalcorana_kampeni,Hydrophylax_crassiovis
Hylarana_kreffti,Rana_papua_kreffti,Sylvirana_kreffti,Rana_kreffti
Hylarana_labialis,Rana_labialis,Hydrophylax_labialis
Hylarana_laterimaculata,Rana_laterimaculata
Hylarana_lemairei,Hydrophylax_lemairei,Hylarana_albolabris_lemairei,Rana_lemairei,Rana_albolabris_lemairei
Hylarana_leptoglossa,Hylarana_granulosa,Hylorana_granulosa,Sylvirana_leptoglossa,Hylorana_leptoglossa,Rana_leptoglossa,Lymnodytes_granulosa,Rana_granulosa
Hylarana_lepus,Rana_lepus,Rana_zenkeri,Hydrophylax_lepus,Hylorana_zenkeri,Chiromantis_lepus,Hylarana_lepus_lepus
Hylarana_longipes,Hyla_albolabris,Hydrophylax_albolabris,Amnirana_longipes,Hylarana_albolabris_albolabris,Rana_albolabris_albolabris,Hylarana_acutirostris_longipes,Limnodytes_albolabris,Rana_albolabris,Hylarana_albolabris,Hydrophylax_longipes
Hylarana_luctuosa,Limnodytes_luctuosus,Rana_luctuosa,Rana_decorata,Pulchrana_luctuosa,Hylorana_luctuosa
Hylarana_luzonensis,Hydrophylax_luzonensis,Rana_luzonensis,Rana_everetti_luzonensis,Chalcorana_luzonensis,Rana_tafti,Rana_guerreroi
Hylarana_macrops,Rana_macrops,Hydrophylax_macrops
Hylarana_malabarica,Rana_malabarica,Hylorana_malabarica
Hylarana_mangyanum,Rana_mangyanum
Hylarana_maosonensis,Rana_maosonensis
Hylarana_megalonesa,Rana_megalonesa
Hylarana_melanomenta,Rana_melanomenta
Hylarana_menglaensis,Gymnodytes_nigrovittata,Hylorana_nigrovittata,Rana_nigrovittata,Hylarana_hekouensis,Hylarana_nigrovittata,Sylvirana_hekouensis,Sylvirana_menglaensis,Lymnodytes_nigrovittatus
Hylarana_milleti,Rana_bannanica,Sylvirana_bannanica,Sylvirana_milleti,Papurana_milleti,Rana_milleti,Hylarana_bannanica
Hylarana_milneana,Rana_milneana,Rana_grisea_milneana
Hylarana_mocquardi,?_mocquardi,Rana_mocquardii
Hylarana_moellendorffi,Rana_signata_moellendorffi,Rana_moellendorffi
Hylarana_moluccana,Hylorana_molluccana,Rana_moluccana,Rana_papua_moluccana,Sylvirana_moluccana
Hylarana_mortenseni,Rana_mortenseni
Hylarana_nicobariensis,Sylvirana_nicobariensis,Rana_suluensis,Rana_nicobariensis_nicobariensis,Hylorana_nicobariensis,Rana_sanchezi,Rana_erythraea_elongata
Hylarana_nigrovittata,Gymnodytes_nigrovittata,Hylorana_nigrovittata,Rana_nigrovittata,Hylarana_hekouensis,Hylarana_menglaensis,Sylvirana_hekouensis,Sylvirana_menglaensis,Lymnodytes_nigrovittatus
Hylarana_novaeguineae,Rana_novaeguineae,Sylvirana_novaeguineae
Hylarana_occidentalis,Hylarana_lepus_occidentalis,Rana_occidentalis,Hydrophylax_occidentalis
Hylarana_papua,Limnodytes_papuensis,Rana_papua,Hylorana_papua,Limnodytes_waigiensis,Papurana_semelvella,Sylvirana_papua,Rana_semelvella,Limnodytes_papua
Hylarana_parkeriana,Rana_albolabris_parkeriana,Hydrophylax_parkerianus,Rana_parkeriana,Rana_albolabris_acutirostris
Hylarana_parvacola,Rana_parvaccola
Hylarana_picturata,Rana_picturata
Hylarana_raniceps,Hydrophylax_raniceps,Rana_chalconota_raniceps,Polypedates_raniceps,Rana_raniceps
Hylarana_rufipes,Rana_rufipes
Hylarana_scutigera,Sylvirana_scutigera,Rana_scutigera
Hylarana_siberu,Rana_siberu
Hylarana_signata,Hylorana_signata,Rana_signata_signata,Rana_obsoleta,Rana_signata,Polypedates_signatus
Hylarana_similis,Rana_similis,Rana_signata_similis,Polypedates_similis
Hylarana_spinulosa,Rana_spinulosa
Hylarana_supragrisea,Rana_supragrisea,Sylvirana_supragrisea
Hylarana_temporalis,Hylorana_temporalis,Rana_temporalis,Sylvirana_temporalis
Hylarana_tipanan,Chalcorana_tipanan,Hydrophylax_tipanan,Rana_tipanan
Hylarana_volkerjane,Sylvirana_volkerjane,Rana_volkerjane
Hylarana_waliesa,Rana_waliesa
Odorrana_andersonii,Rana_andersonii,Huia_andersonii,Odorrana_yunnanensis,Hylorana_andersoni,Polypedates_yunnanensis,Hylarana_andersonii
Odorrana_melasma,Wijayarana_melasma
Pelophylax_lateralis,Rana_nigrolineata,Hylarana_nigrolineata,Pelophylax_nigrolineatus,Humerana_lateralis,Rana_lateralis
Pseudorana_sangzhiensis,Rana_sangzhiensis
Rana_okinavana
Rana_cangyuanensis
Rana_kunyuensis,Rana_amurensis_coreana,Rana_temporaria_coreana
Rana_maoershanensis
Rana_multidenticulata,Pseudoamolops_sauteri,Pseudorana_sauteri_sauteri,Pseudoamolops_multidenticulatus,Rana_multidentata,Amolops_sauteri
Rana_zhengi
Sanguirana_varians,Rana_varians,Hylarana_sanguinea,Hylarana_varians,Rana_sanguinea,Hylorana_varians
Indirana_diplosticta,Sallywalkerana_diplosticta,Ranixalus_diplostictus,Ixalus_diplostictus,Rana_diplosticta
Indirana_leptodactyla,Polypedates_brevipalmatus,Rana_leptodactyla,Ranixalus_leptodactylus,Sallywalkerana_leptodactyla
Indirana_phrynoderma,Sallywalkerana_phrynoderma,Rana_phrynoderma,Ranixalus_phrynoderma
Indirana_tenuilingua
Chiromantis_cherrapunjiae,Philautus_cherrapunjiae,Chirixalus_cherrapunjiae
Chiromantis_doriae,Rhacophorus_doriae,Chirixalus_doriae,Philautus_doriae
Chiromantis_dudhwaensis,Chirixalus_dudhwaensis
Chiromantis_hansenae,Philautus_hansenae,Rohanixalus_hansenae,Chirixalus_hansenae,Rhacophorus_hansenae
Chiromantis_laevis,Theloderma_bambusicolum,Rhacophorus_laevis,Philautus_laevis,Chirixalus_laevis
Chiromantis_nongkhorensis,Chirixalus_nongkhorensis,Rhacophorus_striatus,Philautus_nongkhorensis,Chirixalus_striatus,Rhacophorus_nongkhorensis
Chiromantis_punctatus,Rohanixalus_punctatus,Chirixalus_punctatus
Chiromantis_samkosensis,Feihyla_samkosensis,Chirixalus_samkosensis
Chiromantis_senapatiensis,Rohanixalus_senapatiensis,Chirixalus_senapatiensis
Chiromantis_shyamrupus,Rohanixalus_shyamrupus,Chirixalus_shyamrupus,Philautus_shyamrupus
Chiromantis_simus,Philautus_simus,Chirixalus_simus,Rhacophorus_simus
Chiromantis_vittatus,Philautus_vittatus,Ixalus_vittatus,Rhacophorus_vittatus,Chirixalus_vittatus,Rohanixalus_vittatus
Kurixalus_ananjevae,Aquixalus_ananjevae,Chirixalus_ananjevae
Kurixalus_carinensis,Philautus_carinensis,Aquixalus_carinensis,Ixalus_carinensis,Rhacophorus_carinensis
Philautus_jerdonii,Rhacophorus_jerdonii,Frankixalus_jerdonii,Polypedates_jerdonii
Philautus_petilus
Philautus_sanctisilvaticus,Raorchestes_sanctisilvaticus,Philautus_sanctipalustris
Philautus_similipalensis
Philautus_similis,Rhacophorus_similis,Rhacophorus_larutensis,Ixalus_castanomerus,Ixalus_larutensis,Philautus_castanomerus,Rhacophorus_castanomerus
Philautus_truongsonensis
Polypedates_eques,Rhacophorus_eques,Rhacophorus_cruciger_eques
Polypedates_fastigo
Polypedates_longinasus,Rhacophorus_longinasus,Polypedates_nasutus
Polypedates_spinus,Rhacophorus_pingbianensis,Rhacophorus_duboisi,Polypedates_pingbianensis,Polypedates_duboisi
Pseudophilautus_hallidayi,Philautus_hallidayi
Pseudophilautus_hoffmanni,Philautus_hoffmanni
Pseudophilautus_hoipolloi,Philautus_hoipolloi
Pseudophilautus_papillosus,Philautus_papillosus
Pseudophilautus_procax,Philautus_procax
Pseudophilautus_silus,Philautus_silus
Pseudophilautus_silvaticus,Philautus_silvaticus
Raorchestes_terebrans,Pseudophilautus_terebrans,Philautus_terebrans
Rhacophorus_achantharrhena
Rhacophorus_angulirostris,Rhacophorus_schlegeli_angulirostris
Rhacophorus_appendiculatus,Polypedates_appendiculatus,Rhacophorus_appendiculatus_appendiculatus,Leptomantis_appendiculatus,Rhacophorus_phyllopygus
Rhacophorus_arboreus,Rhacophorus_schlegelii_arborea,Rhacophorus_schlegelii_intermedia,Polypedates_schlegelii_arborea,Polypedates_schlegelii_intermedia
Rhacophorus_arvalis
Rhacophorus_aurantiventris
Rhacophorus_belalongensis
Rhacophorus_bimaculatus,Philautus_bimaculatus,Philautus_zamboangensis
Rhacophorus_burmanus,Rhacophorus_gongshanensis,Polypedates_gongshanensis,Rhacophorus_taronensis,?_burmanus
Rhacophorus_chenfui,Polypedates_chenfui
Rhacophorus_chuyangsinensis,Rhacophorus_schlegelii_calcaneus
Rhacophorus_cyanopunctatus
Rhacophorus_dennysi,Rhacophorus_nigropalmatus_dennysii,Rhacophorus_exiguus,Polypedates_feyi,Hyla_albotaeniata,Rhacophorus_nigropalmatus_exiguus,Polypedates_dennysi
Rhacophorus_dorsoviridis,Rhacophorus_schlegelii_dorsoviridis,Polypedates_dorsoviridis
Rhacophorus_duboisi,Rhacophorus_pingbianensis,Polypedates_spinus,Polypedates_pingbianensis,Polypedates_duboisi
Rhacophorus_dugritei,Rhacophorus_schlegelii_batangensis,Polypedates_dugritei,Rhacophorus_davidi,Rhacophorus_batangensis,Polypedates_bambusicola,Rhacophorus_schlegelii_davidi,Polypedates_davidi,Rhacophorus_pleurostictus_batangensis,Hyla_bambusicola
Rhacophorus_dulitensis,Rhacophorus_chiropterus
Rhacophorus_everetti,Rhacophorus_everetti_everetti,Polypedates_everetti
Rhacophorus_fasciatus,Rhacophorus_shelfordi
Rhacophorus_feae,Polypedates_feae,Rhacophorus_nigropalmatus_feae
Rhacophorus_gadingensis
Rhacophorus_gauni,Philautus_gauni
Rhacophorus_harrissoni
Rhacophorus_hui,Rhacophorus_zhaojuensis,Polypedates_zhaojuensis
Rhacophorus_hungfuensis,Polypedates_hungfuensis
Rhacophorus_jarujini
Rhacophorus_kajau
Rhacophorus_leucofasciatus
Rhacophorus_maximus,Rhacophorus_gigas,Rhacophorus_nigropalmatus_maximus
Rhacophorus_minimus
Rhacophorus_moltrechti,Rhacophorus_schlegelii_moltrechti
Rhacophorus_nigropunctatus,Polypedates_nigropunctatus
Rhacophorus_omeimontis,Rhacophorus_schlegelii_omeimontis,Polypedates_omeimontis
Rhacophorus_owstoni,Polypedates_owstoni,Polypedates_schlegeli_owstoni,Rhacophorus_schlegelii_owstoni
Rhacophorus_penanorum
Rhacophorus_prasinatus,Rhacophorus_smaragdinus,Polypedates_prasinatus
Rhacophorus_prominanus,Rhacophorus_dulitensis_prominanus,Rhacophorus_tunkui
Rhacophorus_puerensis,Polypedates_puerensis
Rhacophorus_robinsonii,Rhacophorus_robinsoni,Rhacophorus_pardalis_robinsoni
Rhacophorus_rufipes
Rhacophorus_schlegelii,Polypedates_schlegelii,Rhacophorus_microglossus,Rhacophorus_schlegelii_microglossus,Rhacophorus_schlegelii_schlegelii
Rhacophorus_suffry
Rhacophorus_taipeianus
Rhacophorus_viridis,Rhacophorus_schlegelii_amamiensis,Polypedates_schlegelii_viridis,Polypedates_viridis,Rhacophorus_schlegelii_viridis
Rhacophorus_yaoshanensis,Polypedates_yaoshanensis
Rhacophorus_yinggelingensis
Theloderma_andersoni,Rhacophorus_andersoni,Liuixalus_tuberculatus,Aquixalus_tuberculatus,Philautus_andersoni,Theloderma_tuberculatus,Philautus_tuberculatus,Ixalus_tuberculatus,Raorchestes_andersoni
Theloderma_baibengensis,Theloderma_baibengense,Aquixalus_baibungensis
Theloderma_kwangsiense,Theloderma_leporosa_kwangsiensis,Theloderma_kwangsiensis,Rhacophorus_fruhstorferi,Rhacophorus_leprosus_kwangsiensis,Theloderma_corticalis,Rhacophorus_corticalis
Bryophryne_flammiventris
Bryophryne_gymnotis
Noblella_Duellmani
Psychrophrynella_adenopleura,Phrynopus_adenopleurus
Psychrophrynella_ankohuma,Phrynopus_ankohuma
Psychrophrynella_boettgeri,Phrynopus_boettgeri
Psychrophrynella_chacaltaya,Phrynopus_chacaltaya
Psychrophrynella_condoriri,Phrynopus_condoriri
Psychrophrynella_guillei,Phrynopus_guillei
Psychrophrynella_harveyi,Phrynopus_harveyi
Psychrophrynella_iani,Phrynopus_iani
Psychrophrynella_iatamasi,Phrynopus_iatamasi
Psychrophrynella_illampu,Phrynopus_illampu
Psychrophrynella_illimani,Phrynopus_illimani
Psychrophrynella_kallawaya,Phrynopus_kallawaya
Psychrophrynella_katantika,Phrynopus_katantika
Psychrophrynella_kempffi,Phrynopus_kempffi
Psychrophrynella_pinguis,Phrynopus_pinguis
Psychrophrynella_quimsacruzis,Phrynopus_quimsacruzis,Psychrophrynella_quimsacruzi
Psychrophrynella_saltator,Phrynopus_saltator
Psychrophrynella_wettsteini,Niceforonia_laplacai,Phrynopus_wettsteini,Phrynopus_laplacai,Syrrhophus_laplacai,Syrrophus_laplacai,Niceforonia_wettsteini,Eupsophus_wettsteini
Hypodactylus_adercus,Eleutherodactylus_adercus,Isodactylus_adercus
Hypodactylus_araiodactylus,Eleutherodactylus_araiodactylus,Isodactylus_araiodactylus
Hypodactylus_babax,Isodactylus_babax,Eleutherodactylus_babax
Hypodactylus_brunneus,Isodactylus_brunneus,Phrynopus_brunneus
Hypodactylus_dolops,Eleutherodactylus_dolops,Isodactylus_dolops
Hypodactylus_elassodiscus,Isodactylus_elassodiscus,Eleutherodactylus_elassodiscus
Hypodactylus_fallaciosus,Isodactylus_fallaciosus,Eleutherodactylus_fallaciosus,Phrynopus_fallaciosus
Hypodactylus_latens,Eleutherodactylus_latens,Isodactylus_latens
Hypodactylus_lucida,Isodactylus_lucida,Eleutherodactylus_lucida,Phrynopus_lucida
Hypodactylus_lundbergi,Isodactylus_lundbergi,Eleutherodactylus_lundbergi
Hypodactylus_mantipus,Barycholos_mantipus,Isodactylus_mantipus,Eleutherodactylus_mantipus,Eleutherodactylus_manipus,Leptodactylus_mantipus
Hypodactylus_nigrovittatus,Eleutherodactylus_nigrovittatus,Isodactylus_nigrovittatus
Hypodactylus_peraccai,Phrynopus_peraccai,Isodactylus_peraccai
Niceforonia_columbiana,Phrynopus_columbianus,Eupsophus_columbianus,Borborocoetes_columbianus
Oreobates_simmonsi,Ischnocnema_simmonsi
Phrynopus_ayacucho
Pristimantis_achuar,Eleutherodactylus_luscombei
Pristimantis_caliginosus,Eleutherodactylus_caliginosus,Eleutherodactylus_nebulosus
Pristimantis_crepitans,Eleutherodactylus_crepitans
Pristimantis_douglasi,Eleutherodactylus_douglasi
Pristimantis_Duellmani
Pristimantis_educatoris
Pristimantis_flavobracatus,Eleutherodactylus_cruciocularis,Eleutherodactylus_flavobracatus
Pristimantis_kelephas,Eleutherodactylus_kelephus,Eleutherodactylus_kelephas
Pristimantis_lassoalcalai,Tachiramantis_lassoalcalai
Pristimantis_lentiginosus,Eleutherodactylus_lentiginosus
Pristimantis_prolixodiscus,Eleutherodactylus_prolixodiscus,Eleutherodactylus_chlorosoma
Pristimantis_reclusas,Eleutherodactylus_reclusas,Eleutherodactylus_reclusus
Pristimantis_stegolepis,Eleutherodactylus_vilarsi,Eleutherodactylus_brachypodius,Eleutherodactylus_conspicillatus_ileamazonicus,Eleutherodactylus_rosmelinus,Hylodes_vilarsi,Eleutherodactylus_conspicillatus_guayanensis,Eleutherodactylus_stegolepis
Pristimantis_tepuiensis,Eleutherodactylus_guaiquinimensis,Eleutherodactylus_tepuiensis
Pristimantis_terraebolivaris,Eleutherodactylus_terraebolivaris
Pristimantis_Truebae
Strabomantis_aramunha
Batrachuperus_taibaiensis,Batrachuperus_thibetina
Hynobius_fuca
Hynobius_yatsui,Pseudosalamandra_stejnegeri,Seudosalamandra_stejnegeri,Hynobius_naevius_yatsui,Hynobius_naevius_stejnegeri
Paradactylodon_gorganensis,Iranodon_persicus_persicus,Batrachuperus_gorganensis,Iranodon_persicus,Iranodon_gorganensis,Iranodon_persicus_gorganensis,Batrachuperus_persicus
Protohynobius_puxiongensis
Bolitoglossa_paraensis,Oedipus_paraensis,Eladinea_estheri
Bolitoglossa_spongai
Cryptotriton_adelos,Nototriton_adelos
Cryptotriton_wakei,Nototriton_nasalis,Chiropterotriton_nasalis,Nototriton_wakei,Oedipus_nasalis
Pseudoeurycea_bellii,Oedipus_bellii,Bolitoglossa_bellii,Geotriton_bellii,Spelerpes_bellii
Pseudoeurycea_boneti
Pseudoeurycea_cafetalera
Pseudoeurycea_cephalica,Bolitoglossa_cephalica_rubrimembris,Magnadigita_sulcata,Pseudoeurycea_cephalica_manni,Pseudoeurycea_rubrimembris,Oedipus_cephalicus,Pseudoeurycea_sulcata,Pseudoeurycea_cephalica_cephalica,Spelerpes_cephalicus,Oedipus_manni,Oedipus_sulcatus,Spelerpes_sulcatus,Geotriton_cephalicus,Bolitoglossa_cephalica_cephalica
Pseudoeurycea_galeanae,Bolitoglossa_galeanae,Bolitoglossa_galaenae
Pseudoeurycea_gigantea,Oedipus_giganteus,Bolitoglossa_gigantea
Pseudoeurycea_maxima
Pseudoeurycea_naucampatepetl,Isthmura_naucampateptl
Pseudoeurycea_nigra,Pseudoeurycea_niger
Pseudoeurycea_parva
Pseudoeurycea_praecellens,Parvimolge_praecellens
Pseudoeurycea_quetzalanensis
Pseudoeurycea_scandens
Atylodes_genei,Hydromantoides_genei,Geotriton_genei,Hydromantes_genei_genei,Salamandra_genei,Hydromantes_genei
Plethodon_grobmani,Plethodon_glutinosus_grobmani
Plethodon_mississippi,Plethodon_ainsworthi
Eurycea_tridentifera,Typhlomolge_tridentifera,Eurycea_neotenes_latitans
Hypselotriton_chenggongensis
Hypselotriton_cyanurus,Cynops_cyanurus_cyanurus
Hypselotriton_fudingensis
Hypselotriton_orientalis,Triton_pyrrhogaster_orientalis,Cynops_orientalis_qianshan,Diemictylus_orientalis,Triton_orientalis,Triturus_orientalis
Hypselotriton_orphicus
Hypselotriton_wolterstorffi,Molge_wolterstorffi,Triton_wolterstorffi,Triturus_wolterstorffi
Lissotriton_meridionalis,Spelerpes_ferrugineus,Lacerta_taeniata,Lissotriton_punctatus,Salamandra_vulgaris,Triton_taeniatus_orientalis,Triton_vulgaris_meridionalis,Molge_punctata,Lophinus_punctatus,Triturus_vulgaris_ampelensis,Pyronicia_punctata,Triton_taeniatus,Lacerta_vulgaris,Triton_parisinus,Salamandra_lacepedii,Triturus_vulgaris_borealis,Triton_punctatus,Triton_vulgaris_dalmatica,Triturus_vulgaris,Salamandra_punctata,Triton_aquaticus,Salamandra_taeniata,Lophinus_vulgaris,Triturus_vulgaris_kapelanus,Salamandra_abdominalis,Molge_vulgaris,Triturus_vulgaris_boulengeri,Hydromantes_genei_ferrugineus,Molge_vulgaris_vulgaris,Triton_intermedius,Salamandra_elegans,Triturus_vulgaris_tataiensis,Molge_palustris,Lacerta_aquatica,Gecko_aquaticus,Lacerta_palustris,Gecko_triton,Salamandra_palustris,Gekko_triedrus,Molge_vulgaris_meridionalis,Triturus_vulgaris_vulgaris,Lacerta_triton,Triton_exiguus,Molge_taeniata,Triton_lobatus,Molge_cinerea,Triton_vulgaris,Triturus_vulgaris_meridionalis,Triton_abdominalis,Triton_meridionalis,Salamandra_exigua
Neurergus_microspilotus,Neurergus_derjugini_microspilotus,Neurergus_derjugini_derjugini,Rhithrotriton_derjugini,Neurergus_crocatus_microspilotus,Rhithrotriton_derjugini_microspilotus,Rhithrotriton_derjugini_derjugini,Triton_crocatus_microspilotus,Triturus_crocatus_derjugini,Triturus_crocatus_microspilotus
Pachytriton_labiatus,Pachytriton_brevipes_labiatus,Molge_labiatum,Paramesotriton_ermizhaoi
Paramesotriton_ermizhaoi,Pachytriton_brevipes_labiatus,Pachytriton_labiatus,Molge_labiatum
Paramesotriton_guanxiensis,Trituroides_guanxiensis,Trituroides_guangxiensis
Triturus_arntzeni
Salamandra_longirostris,Salamandra_salamandra_longirostris
Caecilia_marcusi
Caecilia_pressula
Caecilita_iwokramae
Gegeneophis_fulleri,Herpele_fulleri
Gegeneophis_nadkarnii,Gegeneophis_nadakarnii
Grandisonia_brevis
Grandisonia_diminutiva,Dermophis_sechellensis,Dermophis_flaviventer
Microcaecilia_iyob
Parvicaecilia_nicefori,Gymnophis_nicefori
Parvicaecilia_pricei,Gymnopis_pricei
Siphonops_insulanus,Luetkenotyphlus_insulanus
Potamotyphlus_kaupii,Caecilia_kaupii,Potomotyphlus_melanochrus,Typhlonectus_kaupii,Caecilia_dorsalis,Thyphlonectes_dorsalis,Chthonerpeton_microcephalum,Typhlonectes_dorsalis,Potomotyphlus_kaupii
Caudacaecilia_asplenia
Caudacaecilia_larutensis
Caudacaecilia_nigroflava
Caudacaecilia_paucidentula
Caudacaecilia_weberi
Ichthyophis_bombayensis,Ichthyophis_peninsularis,Ichthyophis_malabarensis,Ichthyophis_subterrestris
Ichthyophis_husaini
Epicrionops_niger,Epicrionops_nigrus
